Network,GPIO,Header,Connector,Function,Direction,PackagePin
DRV_PWMA,PA2,H1-8,J7-4 / PWMA,TIM5_CH3 / AF2,O,36
DRV_PWMB,PA3,H1-9,J7-3 / PWMB,TIM5_CH4 / AF2,O,37
DRV_AIN1,PC0,H2-15,J7-8 / AIN1,GPIO Output,O,26
DRV_AIN2,PC1,H2-16,J7-6 / AIN2,GPIO Output,O,27
DRV_BIN1,PC2,H1-10,J7-7 / BIN1,GPIO Output,O,28
DRV_BIN2,PC3,H1-7,J7-5 / BIN2,GPIO Output,O,29
DRV_STBY,PC4,H1-13,J7-2 / STBY,GPIO Output，初始化低,O,44
ENC_L_A,PC6,H2-50,J7-10 / E1A,TIM3_CH1 / AF2,I,96
ENC_L_B,PC7,H2-49,J7-12 / E1B,TIM3_CH2 / AF2,I,97
ENC_R_A,PB6,H2-32,J7-9 / E2A,TIM4_CH1 / AF2,I,136
ENC_R_B,PB7,H2-19,J7-11 / E2B,TIM4_CH2 / AF2,I,137
SERVO_PWM,PE9,H1-36,J1-3 / PWM,TIM1_CH1 / AF1,O,60
UART3_TX,PB10,H2-28,J3-2 / 模块RX,USART3_TX / AF7,O,69
UART3_RX,PB11,H2-29,J3-3 / 模块TX,USART3_RX / AF7,I,70
GRAY_AD0,PF0,H1-47,J2-3 / AD0,GPIO Output,O,10
GRAY_AD1,PF1,H1-48,J2-4 / AD1,GPIO Output,O,11
GRAY_AD2,PF2,H1-45,J2-5 / AD2,GPIO Output,O,12
GRAY_OUT,PC5,H1-16,J2-2 / OUT，直连,GPIO Input / No Pull，不用ADC,I,45
US_L_TRIG,PA1,H1-5,J4-2 / TRIG,GPIO Output，初始化低,O,35
US_L_ECHO,PF6,H1-21,J4-3 / ECHO，直连,TIM10_CH1 / AF3 / No Pull,I,18
US_C_TRIG,PA5,H1-11,J5-2 / TRIG,GPIO Output，初始化低,O,41
US_C_ECHO,PF7,H1-22,J5-3 / ECHO，直连,TIM11_CH1 / AF3 / No Pull,I,19
US_R_TRIG,PA7,H1-14,J6-2 / TRIG,GPIO Output，初始化低,O,43
US_R_ECHO,PF8,H1-19,J6-3 / ECHO，直连,TIM13_CH1 / AF9 / No Pull,I,20
UART1_TX,PA9,H2-36,核心板JP3-3 / CH340 RXD,USART1_TX / AF7,O,101
UART1_RX,PA10,H2-35,核心板JP3-1 / CH340 TXD,USART1_RX / AF7,I,102
